{
	"characters": ["Blank", "Harold"],
	"interaction":"interact",
	"dialogue": [
		{
			"character": 1,
			"text": "Разумен избор е да минеш по отъпканото. Там където с малки подскоци, бързо и лесно ще стигнеш там където отиваш."
		},
		{
			"character": 1,
			"text": "А ти къде отиваш, Блан? Знаеш ли? Ако знаеше, пак ли щеше да тръгнеш натам?"
		},
		{
			"character": 0,
			"text": "Не те разбирам, Харолд, какво искаш да кажеш? Аз търся семейството си. Къде да отивам?"
		},
		{
			"character": 1,
			"text": "Разбирам, но не мога да ти помогна. Нагоре оттук, качвайки се по дърветата ще стигнеш царството на птиците! Те гледат от високо и може би ще могат да ти помогнат повече, отколкото аз мога."
		},
		{
			"character": 1,
			"text": "Доказал си, че си предпазлив, внимавай и по нататък. Ще се справиш, Блан. Късмет!",
			"end": true
		}
	]
}
