{
	"characters": ["Blank", "Harold"],
	"interaction":"interact",
	"dialogue": [
		{
			"character": 1,
			"text": "Еха! Не знам мехурче ли си, но наистина си смел и можеш да скачаш, за да направиш такъв голям скок. Аз тука долу не съм виждал други мехурчета да са минавали, ти си първото."
		},
		{
			"character": 0,
			"text": "Ако аз съм първото, значи не си виждал семейството ми?"
		},
		{
			"character": 1,
			"text": "Не, не съм виждал други като теб, нито мехурчета, нито смелчаци - освен мен, разбира се."
		},
		{
			"character": 1,
			"text": "Ако продължиш да се катериш по дърветата евентуално ще стигнеш царството на птиците. Може би те, от по-високо, са видяли нещо?"
		},
		{
			"character": 1,
			"text": "Е, с твоят приключенски дух, каквото и да търсиш, със сигурност ще го намериш! Късмет!",
			"end": true
		}
	]
}
