{
	"characters": ["Blan", "Samaa"],
	"interaction":"interact",
	"dialogue": [
		{
			"character": 1,
			"text": "Не са всички... Но все пак благодаря."
		},
		{
			"character": 1,
			"text": "Разбирам, че бързаш и може би проявяваш известна прагматичност."
		},
		{
			"character": 1,
			"text": "Сега... Какво да правя с малкото, което изостана?",
		},
		{
			"character": 1,
			"text": "Не мога да ти помогна. Не съм виждала твоите родители и никой, който прилича като теб."
		},
		{
			"character": 1,
			"text": "Оттук, направо и надолу, има един вулкан, в който живее дракон на име Драгомир."
		},
		{
			"character": 1,
			"text": "Може би той има отговорите, които търсиш? Ама не знам дали би му се доверила."
		},
		{
			"character": 1,
			"text": "Късмет.",
			"end": true
		}]
}
