{
	"characters": ["Blan", "Samaa"],
	"interaction":"interact",
	"dialogue": [
		{
			"character": 1,
			"text": "Ти... Ти успя да намериш всички. Ти си много мил."
		},
		{
			"character": 1,
			"text": "Благодаря ти!"
		},
		{
			"character": 1,
			"text": "Не мога да ти помогна. Не съм виждала твоите родители и никой, който прилича като теб."
		},
		{
			"character": 1,
			"text": "Оттук, направо и надолу, има един вулкан, в който живее дракон на име Драгомир."
		},
		{
			"character": 1,
			"text": "Може би той има отговорите, които търсиш? Ама не знам дали би му се доверила."
		},
		{
			"character": 1,
			"text": "Късмет.",
			"end": true
		}
	]
}
